depot_id,depot_lat,depot_lon
8507,41.3900026039756,2.16737952900557
8508,41.3945506612831,2.16174778590322
8510,41.3957488775487,2.16012641205641
8511,41.3908110416883,2.16637879947162
8512,41.3902611090696,2.16741482296348
8513,41.3936176422756,2.16285820146867
8514,41.3927166083548,2.16401902345995
8516,41.3960766859027,2.16028480508968
8517,41.3952627252639,2.16086717142606
8519,41.3943177416698,2.16241271453325
8520,41.3916894712237,2.16564803794107
8521,41.3946659904475,2.1619569943916
8522,41.3913901544653,2.16565894638649
8523,41.3908847494025,2.1666466673694
8525,41.3934978333402,2.16346565013431
8589,41.3756335265181,2.16931647893597
8591,41.3758582380337,2.16879641846999
8592,41.3795838937208,2.16521589712864
8593,41.3814405994296,2.16867710384033
8594,41.3820189308683,2.16942413436531
8595,41.3805798271023,2.16936747239354
8597,41.379977598532,2.16593255658748
8598,41.3804269030502,2.16567293263619
8599,41.377181227947,2.17373168030329
8600,41.3855542031867,2.16571598817852
8601,41.3780844333801,2.17351257148368
8602,41.3811468306548,2.17276569421853
8603,41.3810285275657,2.16742811274775
8604,41.3800734472867,2.17118257691079
8605,41.3796020113365,2.17160970872555
8606,41.377337314147,2.17140539544967
8607,41.3842906733066,2.166480235164
8608,41.3834703019772,2.1673401336995
8609,41.3785693780171,2.17375052547584
8610,41.3772548498889,2.17238789109876
8611,41.3753323911623,2.17038958819129
8613,41.3748951409511,2.17236256826136
8614,41.3750389976901,2.16940375745907
8615,41.3857982989226,2.16549507777422
8616,41.3856295996672,2.16736543754109
8617,41.3855702469977,2.16800024072493
8618,41.3854823448548,2.1689927408705
8619,41.3758772836183,2.1740640232154
8620,41.3833659172999,2.17048833280833
8621,41.3826717955975,2.16943222345728
8622,41.3822017855863,2.1686155643642
8623,41.3774442972178,2.17601222536146
8624,41.3779793944831,2.17570229772442
8625,41.3787960505265,2.17514010977692
8626,41.3817967767429,2.17248312960384
8627,41.383994,2.1689548
8628,41.3795352957866,2.16868314263343
8629,41.3782435353493,2.17021867812805
8630,41.3793740351091,2.16813549787204
8631,41.3768114333331,2.16725108307676
8632,41.3805485800259,2.1668065221934
8633,41.3804048702915,2.1652617920921
8634,41.378829987107,2.16318961443344
8635,41.3818669231607,2.16360546015708
8636,41.3828305681742,2.16373226891955
8637,41.3772186365709,2.17143681638315
8638,41.3795761702645,2.17031472288697
8639,41.3793565652107,2.16982115885169
8640,41.3791915803027,2.16945687426254
8641,41.3849650728634,2.16613315184142
8642,41.3850902995249,2.16547643694799
8643,41.3798702582436,2.1737022485608
8644,41.37954256853,2.17336105965678
8645,41.379292058695,2.17310320760228
8646,41.3791122718666,2.17291818285898
8647,41.3847585459867,2.16644913201783
8648,41.3802013733388,2.1797545520859
8649,41.3799142558104,2.17954886248931
8650,41.3807472243741,2.18015515901031
8651,41.381182197148,2.18161657592626
8652,41.3811931156486,2.18130274390304
8653,41.3781340791768,2.17883964780488
8654,41.378494812957,2.17869139411771
8655,41.3874569592522,2.17196475016979
8656,41.3778673772256,2.17830806213779
8657,41.3770557070994,2.1768420972056
8658,41.3775683157157,2.17645678074992
8659,41.3791459635387,2.17519634419988
8661,41.3805080787588,2.17404069445427
8662,41.3807850700505,2.17379805089149
8663,41.3840219127784,2.17123468410226
8666,41.3791632059982,2.19214182229166
8667,41.3783073767492,2.18916221575485
8668,41.3782046785631,2.18919497900623
8669,41.3784851,2.1897455
8670,41.3787102937782,2.19145121298587
8671,41.3822272514167,2.18846546901632
8672,41.3818864669662,2.18695556944911
8673,41.3787463304475,2.18942796877743
8674,41.3813328455301,2.19044696484865
8675,41.3831527075939,2.18888141063157
8676,41.385577893027,2.19384690638796
8677,41.375587447342,2.18966773089468
8679,41.3818969851762,2.18955741433239
8680,41.3806241762605,2.18716102020609
8681,41.3800225178042,2.18740258933104
8682,41.3794096720413,2.18764105245638
8685,41.3777848527678,2.18828554385371
8687,41.3768104512965,2.18866065053001
8688,41.3761514838219,2.1889048464404
8689,41.375626245337,2.18898660792656
8691,41.3864110130029,2.19503009826237
8692,41.3798278319236,2.18786612806732
8693,41.3796267987602,2.18794480879106
8694,41.3840511167667,2.19515144509167
8695,41.3848465068251,2.19595589664097
8697,41.3863958926633,2.19588210140172
8698,41.3791355,2.1894715
8699,41.3792718612229,2.18981231901804
8700,41.3803082807531,2.18808132488906
8701,41.3842979158499,2.18430199085655
8702,41.3847217416625,2.1826612770158
8703,41.3846377905414,2.18283867898349
8704,41.38496731296,2.18712944707838
8705,41.3865254364346,2.19197099080799
8706,41.3867479164791,2.1820150241482
8707,41.3894573685276,2.18129012749782
8708,41.3882621022435,2.18146596456782
8709,41.3864278096932,2.18226183737608
8710,41.3846401656538,2.18445577711314
8711,41.3862209278607,2.18378398249078
8713,41.3823043398346,2.18206426709028
8714,41.3869182627999,2.17838730568592
8715,41.381466595372,2.18254659516353
8716,41.3819737869782,2.18297090059955
8717,41.3825618307398,2.18103939901766
8718,41.3896992725035,2.17806368540341
8719,41.3898212293645,2.1776740990874
8720,41.3829307407978,2.18083855886595
8721,41.3880551191523,2.17465995026034
8722,41.3884763,2.1754017
8723,41.3832644397788,2.18294377762093
8724,41.3833373155454,2.18323629859178
8725,41.3873072311145,2.1834293301903
8727,41.3856514746862,2.18079356898504
8728,41.3871163267492,2.18259026308055
8729,41.3874497583647,2.17773704148296
8730,41.392542180434,2.17937915091448
8731,41.3930866099092,2.17995180629702
8732,41.3939192699934,2.18107830377581
8733,41.3956198009061,2.18336396508447
8734,41.3933690771097,2.17823363381747
8735,41.3939233782965,2.17928453024816
8736,41.3946003361841,2.18018780739087
8737,41.3947646088779,2.18041200236792
8738,41.3956206305697,2.18109426993173
8739,41.3971014412847,2.18343583566852
8740,41.3975841862727,2.18403090422392
8741,41.3980641565077,2.18481958132853
8742,41.3964747698813,2.18269090987134
8743,41.401551562581,2.18590244973321
8744,41.3949563800524,2.17795004232555
8745,41.3963082390964,2.18018650226717
8746,41.3956342769409,2.17927383369733
8747,41.3973350806602,2.18108901813262
8748,41.3973373133433,2.18153572449172
8749,41.3979604369495,2.18223668345566
8750,41.4019498666467,2.18416994735237
8751,41.3983873920823,2.17564134019381
8752,41.3994068143177,2.17654689694842
8753,41.3990679219585,2.17655837639716
8754,41.4000873988913,2.17791056571124
8755,41.400819695104,2.18389348366225
8756,41.4009805398872,2.18314683244237
8757,41.3997820429554,2.18256908332335
8758,41.4005621,2.1765742
8759,41.3975269387655,2.17677189341163
8760,41.3990521830936,2.17882093215425
8761,41.3998327569003,2.17972855842164
8762,41.3993925167522,2.17882520124844
8763,41.4002912290063,2.18034910487976
8764,41.4016212145908,2.18227423255815
8765,41.4011689417908,2.18120938760147
8766,41.3991219853879,2.18345236539417
8767,41.3974705401463,2.18320340394165
8768,41.3977712256173,2.18317698839783
8769,41.3986200831349,2.18169573163695
8770,41.3986935792479,2.18196039758981
8771,41.4006552804233,2.17936851351817
8772,41.397224479814,2.17703684790667
8773,41.3976996972741,2.1765269598403
8774,41.3994362725105,2.17425368573594
8775,41.3989774465414,2.18617497456987
8776,41.3966810879194,2.18211051896438
8777,41.3950036042735,2.18206191197056
8778,41.3983937383216,2.17745944848663
8779,41.4045312260814,2.18107206722021
8780,41.4018929314302,2.17758017645111
8781,41.4029034729164,2.17892210808045
8782,41.4051989685528,2.18197353001371
8783,41.4051778654945,2.18243248680278
8784,41.4049423372959,2.1826162534626
8785,41.4062072393493,2.18107704359524
8786,41.407715283826,2.17906771946871
8787,41.409383,2.1768792
8788,41.4094727630457,2.17631941581553
8789,41.4101491223134,2.175418604133
8790,41.4068959267303,2.18018185477679
8791,41.4060345800301,2.18086392025079
8792,41.4075670771567,2.17888756123759
8793,41.4084335592912,2.17768415972314
8794,41.4031338,2.1825776
8795,41.4034951367766,2.18200866374314
8796,41.4060644750445,2.17908688447408
8797,41.4071079808798,2.17771357454591
8798,41.4077982132531,2.17683343514036
8799,41.4051889434909,2.1802106699526
8800,41.4088303028946,2.17546405516061
8801,41.4050122919699,2.18450543113854
8802,41.4052074821933,2.18426117805672
8803,41.4062097898116,2.17238876404807
8804,41.4053982311708,2.17088336419696
8805,41.4062047255234,2.17197284057144
8806,41.40684642257,2.17322594880401
8807,41.408657501163,2.1752293621947
8808,41.4078373404233,2.17458150201017
8809,41.4025626566183,2.18281011079282
8810,41.4067216132013,2.18224234686114
8811,41.4084053330768,2.17997647419093
8812,41.409291629503,2.17884060111114
8813,41.407579643204,2.18109935167668
8814,41.4055873131643,2.18259905393964
8815,41.4022572301423,2.17975047438781
8816,41.4088392816361,2.17323837096751
8817,41.409516227156,2.17457909527318
8818,41.4069042303436,2.17106994082479
8819,41.4060606289141,2.16999463509449
8820,41.406144901312,2.17462218469428
8821,41.4078402330055,2.17235107139554
8822,41.4085216274469,2.17100313933437
8823,41.404259561083,2.17665479728035
8824,41.4035716482182,2.17803270420467
8825,41.4009545638766,2.17224013425451
8826,41.4024740739793,2.17430740597072
8827,41.4018132891706,2.17338726650125
8828,41.4036096536685,2.17580318401018
8829,41.4052555791158,2.17753221138056
8830,41.4023937182605,2.17707906052841
8831,41.4029285682473,2.17669235543596
8832,41.4051629093315,2.17333672013215
8833,41.4070280141835,2.17129605690217
8834,41.4079035949591,2.17017439252732
8835,41.4055056510846,2.17330635440964
8836,41.4025790042426,2.17669846064044
8837,41.400261110376,2.17314044484581
8838,41.4019813247852,2.17089491713828
8839,41.4024921673474,2.18115215566651
8840,41.4045556390585,2.17887971450608
8841,41.4042239717897,2.17889070938179
8842,41.405070362878,2.17775404056308
8843,41.4061022020227,2.17640655257253
8844,41.4071470350004,2.17548360293566
8845,41.4035413266676,2.17976659726459
8846,41.4061009910027,2.1768540800614
8847,41.4034883592053,2.17294628080324
8848,41.4036633519548,2.17315617500737
8849,41.402633032607,2.17181014222297
8850,41.4054591811399,2.17554265177114
8851,41.4067574882702,2.17772772661173
8852,41.4043528317411,2.17225446769951
8853,41.4058568486467,2.17390458525448
8854,41.4090533391214,2.17838673702468
8855,41.407777107075,2.17636688546426
8856,41.4111630143616,2.17454078058313
8857,41.4118538738264,2.17541625572791
8858,41.4023726135389,2.1745691368933
8859,41.4018012098438,2.17519210677475
8860,41.4007861272489,2.17429524058505
8861,41.4017858308138,2.17294306291967
8862,41.4007176395293,2.17467825290659
8863,41.4011160868678,2.17427979457012
8864,41.4025628138429,2.17632664174693
8865,41.390754950048,2.1770098120966
8866,41.3909135,2.1771234
8867,41.391392740202,2.1781543281723
8868,41.3919752521748,2.17879959934141
8869,41.3958471919239,2.16949000913595
8870,41.389904741342,2.1737721785666
8871,41.3905364628436,2.17475038998856
8872,41.3924042413686,2.17679125450224
8873,41.390827,2.1747441
8874,41.3913877100981,2.17589304919011
8875,41.3913861790622,2.17543417448046
8876,41.3920674019061,2.17679071963397
8877,41.3928501990201,2.17770713288841
8878,41.3930888698712,2.17543448683827
8879,41.3946012215063,2.17374644332167
8880,41.3951542742939,2.17312909241015
8881,41.3958416635059,2.17179903666816
8882,41.3958222297416,2.17225277778709
8883,41.3930885688391,2.17588909049641
8884,41.3968937359509,2.17083558891457
8885,41.4001243378697,2.16612697325321
8886,41.3948149590853,2.17315378783031
8887,41.3994333027842,2.16748550306278
8888,41.3982325674361,2.1686202793868
8890,41.3964889653461,2.1709267416363
8891,41.3975462387055,2.16998604014554
8892,41.4007990983484,2.16522770272868
8893,41.4001178755089,2.16658391770434
8894,41.3868923961344,2.16593854455667
8895,41.3907665947963,2.16093677527502
8896,41.3933154017369,2.15756521280075
8897,41.3883561215943,2.16412079094541
8898,41.3898741347306,2.16211151656666
8899,41.3890558803568,2.16319281683172
8900,41.3943375985298,2.15622885956018
8901,41.385983474959,2.16782699084528
8902,41.3863133258922,2.16869870000371
8903,41.3892393444198,2.17600833276115
8904,41.389410847994,2.17623485968699
8905,41.3896676966467,2.17575682725773
8906,41.3914043885178,2.17317051309124
8907,41.3913849828203,2.17362265565568
8908,41.3927794956715,2.17145802043792
8909,41.3934502884817,2.17088963755854
8910,41.3941296762292,2.1695365431937
8911,41.3947914887187,2.16868398658071
8912,41.3950293502022,2.16836868950659
8913,41.3956690433862,2.1674941240556
8914,41.3958571736617,2.16725882162563
8915,41.3990905087479,2.16295207567161
8916,41.3984091138962,2.16431814979746
8917,41.3965235522935,2.16635757625444
8918,41.3968711774134,2.16636114889524
8919,41.3960123774635,2.16748974291952
8920,41.3932837348397,2.17065772503606
8921,41.3958584201976,2.16771743205257
8922,41.3941383448688,2.16998017266956
8923,41.3992609522098,2.16317795760679
8924,41.3984139235724,2.16385812805085
8925,41.3881961450991,2.16964954113302
8926,41.3903806439763,2.17226272102609
8927,41.3905035406557,2.17203587466993
8928,41.3924095208767,2.17452957566772
8929,41.3920703869399,2.17453377037219
8930,41.3896891364022,2.17136150314516
8931,41.389681691696,2.17089697443241
8932,41.3936695061117,2.17652672097719
8933,41.3909394998729,2.17272282385234
8934,41.3860963567888,2.16972472634212
8935,41.3868054008605,2.16910949191649
8936,41.3877458990654,2.1680737740663
8937,41.3878746272839,2.1677122138102
8938,41.3893558902725,2.16545208992019
8939,41.3910591438625,2.16311156709867
8940,41.3918738797421,2.16200491931317
8941,41.3927851702258,2.16139316584382
8942,41.3927274031364,2.16085175294022
8943,41.3936334640643,2.16024632236822
8944,41.394394748528,2.15856551844826
8945,41.3952500266625,2.15789059853519
8946,41.3935493882278,2.15969854377121
8947,41.3937938986637,2.16002571714332
8948,41.3946339093212,2.15887511697607
8949,41.3910880579756,2.16374340594156
8950,41.3902831021306,2.16484092262025
8951,41.3952251961555,2.15740257186446
8952,41.3902025601744,2.16429425711968
8953,41.3887512304009,2.16690833315615
8955,41.3932883942247,2.16839548529119
8956,41.3977135333819,2.17428356673227
8957,41.3924400461345,2.16771354987412
8958,41.3951527502699,2.17088953428155
8959,41.3970528698949,2.17355782001653
8961,41.3946902814968,2.15681790626099
8962,41.3973858554855,2.16073081974873
8963,41.3982421092997,2.16184069796302
8964,41.3984295336684,2.16205415416017
8965,41.4001125226585,2.16431845884692
8966,41.4015493450039,2.16621086143195
8967,41.390821153047,2.17050494244633
8968,41.391015583033,2.1707656086664
8969,41.3915977084129,2.1715289461963
8970,41.3927910588282,2.17312053157099
8971,41.3936213572266,2.17422870701746
8972,41.3977451245152,2.16304147214963
8974,41.3924374092918,2.16951773022233
8975,41.3966816589338,2.17564363501551
8977,41.3891956102305,2.16567063133045
8978,41.3915791698782,2.16838222276215
8979,41.3941157827958,2.17224356615433
8980,41.3905856,2.1763805
8981,41.3928970392225,2.17373717553638
8982,41.3949694013531,2.17110813587098
8983,41.3966973683145,2.16839497668547
8984,41.3975539847832,2.16771655537371
8985,41.3975770742997,2.16726013448465
8986,41.3994349064457,2.16521423670664
8987,41.3968668900686,2.16861944097774
8988,41.3941338496481,2.17179013536579
8989,41.3958054004866,2.17002912164808
8990,41.3916043575473,2.1598137628494
8991,41.3917617256586,2.15960135465025
8992,41.400779464666,2.17201569350616
8993,41.3950252136612,2.1638723119632
8994,41.3958627719773,2.16545741563749
8995,41.3960225630653,2.1652665496482
8996,41.390551710402,2.1772085597282
8997,41.3990379384365,2.1743132777791
8998,41.3914087899933,2.1686105399837
8999,41.395170956231,2.16407269694342
9000,41.3941353473072,2.16546260949721
9001,41.3956811136541,2.162968725945
9002,41.3930874328871,2.1663970542766
9003,41.3967024639746,2.16431812078602
9004,41.3930258186152,2.15914312326218
9005,41.3924711384184,2.15868063457648
9006,41.3960266215419,2.16296602760589
9007,41.3967086077109,2.16386814226067
9008,41.3990888276412,2.16746286365954
9009,41.4009708361497,2.16954206250227
9010,41.4002147487526,2.16896837814737
9011,41.3998381335744,2.16844310379573
9012,41.3958812518503,2.1763667492213
9013,41.3960741289773,2.17630377387984
9014,41.3990926697968,2.17206730355171
9015,41.4016542292969,2.16866202585057
9016,41.4001157563599,2.1706599145903
9017,41.3984204817924,2.17289084973301
9018,41.39836521362,2.17341628759091
9019,41.3898473629273,2.17338091226491
9020,41.392607201841,2.16972008664707
9021,41.3948222787246,2.16639725747497
9022,41.3951636159592,2.16635970177944
9023,41.3941063306437,2.16775533295873
9024,41.3960161279056,2.16083289918342
9025,41.3990926909031,2.16522375998366
9026,41.4008498328379,2.16713246025455
9028,41.3885318471729,2.17187388548982
9029,41.389396200112,2.1741257776845
9030,41.3897848816234,2.17516567108487
9031,41.3899871332543,2.17574220693807
9032,41.3905456620875,2.17719835486025
9033,41.3909974676918,2.17831487531414
9034,41.389001823514,2.1742098856732
9035,41.3897948,2.1767851
9036,41.390678523878,2.178731171884
9037,41.3863692611506,2.16612167532037
9038,41.3866092561002,2.16674197844717
9039,41.3867559719119,2.16715460522162
9041,41.3939678799178,2.16526517593884
9042,41.384791959333,2.15530427957121
9043,41.3864124069179,2.15694778021553
9044,41.3864804748779,2.16161184885866
9045,41.3864769895471,2.16206698543402
9046,41.3871640742216,2.16070638906183
9047,41.3875109816605,2.16069792078558
9048,41.3879943098341,2.15960992455765
9049,41.3898946502097,2.15709535287187
9050,41.3898992758259,2.15754861458064
9051,41.3907492371003,2.15597719026935
9052,41.3924520857535,2.15370593131898
9053,41.3924492608057,2.1541608620725
9054,41.3931349176764,2.1528027072641
9055,41.3892123750364,2.15844874618813
9056,41.3934794465733,2.15280164275535
9057,41.3882117250244,2.15932891929563
9058,41.3888663642657,2.15845045738422
9059,41.3907450522505,2.15641986649149
9060,41.3933234068672,2.15303065844891
9061,41.3898982333298,2.16157409887618
9063,41.390757293439,2.16048465587506
9064,41.3890269585962,2.1627398124234
9065,41.3916133751315,2.14571483760923
9066,41.3924586340969,2.14690217091482
9067,41.3924660130962,2.14735690875343
9068,41.3907763373677,2.14503173291089
9069,41.3909442841611,2.14480777218803
9070,41.3842557909801,2.16018400274408
9071,41.3847820638799,2.15934642623454
9072,41.3854612677538,2.15844586718715
9073,41.3875068027939,2.15620456926571
9074,41.3881815499241,2.15528253378223
9075,41.3881894033176,2.15483097648826
9076,41.3914305916765,2.15054017437612
9079,41.3895866016182,2.15360548445289
9080,41.3880124894116,2.15505699151727
9081,41.3909242155382,2.15167907101661
9082,41.3847815819273,2.15979840277185
9083,41.389043919433,2.15415327240593
9084,41.392461609207,2.14918348040754
9085,41.3917756913885,2.15054321732526
9086,41.3924536436621,2.14964122948739
9087,41.3858070797868,2.15844158747346
9088,41.3871669293664,2.15618277623478
9089,41.3830745177342,2.15755922179259
9090,41.390554139296,2.14716839156235
9091,41.3907256169517,2.1468800699288
9092,41.3882025639535,2.16162883656783
9093,41.3864942635187,2.159341235571
9094,41.3847809330152,2.15708025044608
9095,41.3864891436442,2.15979950306771
9096,41.388345222552,2.16182387703744
9097,41.3939912704187,2.15617496513974
9098,41.3892999,2.1493518
9099,41.3900603798111,2.15053528580292
9100,41.3897218018477,2.15053108143711
9101,41.3914250655387,2.15280218148607
9102,41.389064888547,2.1496577653445
9103,41.3917730041645,2.15280543876978
9104,41.393131047038,2.15506313719964
9105,41.3934767343187,2.15509101680473
9107,41.384096320379,2.15843434449237
9108,41.3837566878559,2.1584337603561
9109,41.3853438188547,2.16041440242093
9110,41.3858012325878,2.16072415468493
9111,41.3854596939876,2.16072280586428
9112,41.3894660665283,2.16085308604872
9113,41.3888224073786,2.16128782506191
9114,41.3898811053053,2.15980636556688
9115,41.3899088794177,2.15935801502141
9116,41.3924399551299,2.1564330607626
9117,41.3924434435057,2.15597525080664
9118,41.3905677260974,2.15847229335472
9119,41.3914215342181,2.15736281902822
9120,41.3941661256496,2.15416575795769
9121,41.3917718771344,2.1482787482714
9122,41.3914260302623,2.14826603842675
9123,41.3931355938044,2.15053041704857
9124,41.3933016926431,2.15076844366066
9125,41.3892126427255,2.1561730690567
9126,41.3873321407593,2.15415428928251
9127,41.3871612255492,2.15392793965835
9128,41.3875055544583,2.1539241333869
9129,41.386498691223,2.1530616698402
9130,41.3881753912758,2.15754473538124
9131,41.388869459969,2.15619191949419
9132,41.390747899629,2.15415749907975
9133,41.390066415751,2.15508021433542
9134,41.3881892788089,2.15709184455585
9135,41.392449182041,2.151446569948
9136,41.3907422091023,2.15371435274638
9137,41.3924511320502,2.15190042195839
9138,41.3875367910699,2.15841689021528
9139,41.3871301082622,2.15848546545072
9140,41.390749034612,2.1496410395004
9141,41.394373102212,2.15413177678213
9142,41.390748466604,2.1491861043442
9143,41.3881882115722,2.15256253064673
9144,41.387377004709,2.1518793199131
9145,41.3880201834192,2.15278975211587
9146,41.3897171534389,2.15501937000959
9148,41.3855362057848,2.15487261994201
9149,41.3861369842235,2.15631670670628
9150,41.3853301598286,2.15482429000204
9151,41.3890381226741,2.15143309628005
9152,41.388384237026,2.1505562061787
9153,41.3914257797834,2.15507367659053
9154,41.3917705143623,2.1550576699287
9155,41.388210855236,2.150789996256
9156,41.3932878701717,2.15710827594225
9157,41.3863863,2.1553852
9158,41.386486766239,2.1548346512213
9160,41.3835510835021,2.15901727014285
9161,41.3847889054254,2.15753788855336
9162,41.3854327965086,2.15652759580408
9163,41.3788321243232,2.14691440051121
9164,41.381196523787,2.15052668919899
9165,41.3822266030333,2.15143345353057
9166,41.3805212040307,2.14916984895876
9167,41.3841038077302,2.15391578808858
9168,41.3822289312768,2.15188364165739
9169,41.3837557496047,2.15392083822982
9170,41.3829053773516,2.15278600211758
9171,41.3854549842265,2.14715094133442
9172,41.3871680266115,2.14488680165631
9173,41.3847824513254,2.14850266340516
9175,41.3805190043782,2.15413479713403
9178,41.3815448646072,2.15278356917907
9179,41.3828598102675,2.15090497443784
9180,41.3839402768044,2.14918220866475
9181,41.3840993521153,2.14940797150259
9182,41.3864911945135,2.14623212059632
9183,41.3864991478483,2.14577272076701
9184,41.3875097553358,2.14486647619474
9185,41.3847762857261,2.14804694650804
9186,41.3856430969468,2.15143824984104
9187,41.3856318097787,2.1518987448415
9188,41.3823980846925,2.15617069880603
9189,41.3820510873172,2.15617303202283
9190,41.3864841588416,2.15075263023781
9191,41.3815602589582,2.15687285244417
9192,41.3830760082694,2.15481700226127
9193,41.3832491939705,2.15504612138445
9194,41.386482353922,2.15029463176975
9195,41.3870687780758,2.14979948784144
9196,41.387339305015,2.14962092132327
9197,41.3890566176238,2.14690562158778
9198,41.3898701006069,2.14623372398302
9199,41.3796679862707,2.15030184346486
9200,41.3798393280404,2.15054046429384
9201,41.3805210293194,2.15142722260706
9202,41.3823972856808,2.15391526378752
9203,41.3822290317617,2.15368953701974
9204,41.3847913610682,2.14398559598675
9205,41.3854568535957,2.14488446478794
9206,41.3871665943127,2.14710285869364
9207,41.3849481396801,2.1437317681559
9208,41.377106197281,2.14962250604461
9209,41.378092,2.1508772
9210,41.3788269155111,2.15188197965761
9211,41.3786487166969,2.15167078018558
9212,41.3798436695022,2.15276648268132
9213,41.3794929416555,2.15278209687454
9214,41.3815482545318,2.15504535735482
9215,41.3815441431647,2.14828724235284
9216,41.3839315971849,2.14512182540296
9217,41.3840948653229,2.14489549224349
9218,41.3835474136054,2.14272768188513
9219,41.3847432555605,2.14281121303881
9220,41.3767400629916,2.14998505166957
9222,41.3792490866782,2.14652022316699
9224,41.3794262270364,2.14628446619712
9225,41.3802974044314,2.14513341745907
9226,41.3890304104775,2.14464345464208
9227,41.3892055616936,2.14488103377587
9228,41.3888630260106,2.14487033215847
9229,41.3849447502075,2.15055330181361
9230,41.3832089473336,2.1482738304642
9231,41.3846056002165,2.15053326961749
9232,41.3866542921741,2.14373969647813
9233,41.3883552908526,2.14600063351109
9234,41.388180465813,2.14577089036312
9235,41.3813854366555,2.14399097685279
9236,41.3832424157729,2.14603237312878
9237,41.3820497299439,2.14491146187774
9238,41.3840975578216,2.14714553657969
9239,41.3830795231454,2.14624589265539
9240,41.3837529411324,2.14714089038071
9241,41.3858050871573,2.14943738503492
9242,41.3844811984737,2.14796648651209
9243,41.3854567842939,2.14937760253171
9244,41.3871956,2.151292
9245,41.3822050968703,2.14917367239387
9246,41.3820476879471,2.14940480932656
9247,41.379028488438,2.15354357433466
9248,41.3815481891674,2.15052892950634
9249,41.3839391679083,2.14690954462111
9250,41.3847731961315,2.14625076753456
9251,41.384774194317,2.14579663159319
9252,41.3858024062619,2.14487870529877
9253,41.3864830036344,2.14397853764237
9254,41.3815985222853,2.14632489996879
9255,41.3822430498995,2.14780249016218
9256,41.3828499740291,2.14919594307382
9257,41.3864673725939,2.14848556582383
9258,41.3858028300053,2.14714161169052
9259,41.3864851753099,2.14802673151697
9260,41.389913932662,2.14689094491177
9261,41.3901263349921,2.14547630056956
9262,41.3794729554787,2.14583867874308
9263,41.3798031514067,2.14627905845701
9264,41.3805176869616,2.14691619520803
9265,41.3803469365078,2.14714531730239
9266,41.3811974396393,2.14825136143509
9267,41.3832486974873,2.15276749303172
9268,41.3897174329477,2.14380812700158
9269,41.3796830007778,2.14804256567469
9270,41.3760062554803,2.16634365041677
9271,41.3758571067587,2.16655413365748
9272,41.3760739167874,2.16001947731562
9273,41.376075433763,2.15956724879058
9274,41.377947767127,2.15753885037909
9275,41.3776038954585,2.15753754780739
9276,41.378627399555,2.15618864727216
9277,41.3786305414718,2.15664179003181
9278,41.3792598716905,2.15566495938279
9279,41.3767569220706,2.15866457191352
9280,41.3770926956307,2.15862762749887
9281,41.3828767853786,2.1623031858581
9282,41.3828879852178,2.16184970949775
9283,41.3834490933641,2.16125121115913
9284,41.3755520849169,2.16507801868887
9285,41.3762559077331,2.16430521106481
9286,41.375895254758,2.16430635963879
9287,41.3769262120472,2.16341396540011
9288,41.3777945548269,2.16185674793821
9289,41.3784730359876,2.16094070354947
9290,41.3794759839473,2.15957758436147
9291,41.3805046073188,2.15867295708405
9292,41.3810090346607,2.15786667924528
9293,41.3801628903581,2.15867682319786
9294,41.3786085150787,2.16073154670122
9295,41.3787626631348,2.16096407989062
9296,41.3769191317925,2.16296058557463
9297,41.3776061546069,2.16205355602493
9298,41.379483669316,2.1600256519492
9299,41.3758970294811,2.15527880370715
9300,41.3769221048364,2.15438616392814
9301,41.3769217145639,2.15392869241319
9302,41.3762452845494,2.15528822934356
9303,41.3774940508277,2.15332964128316
9304,41.3811847020424,2.16184257920049
9305,41.3769211069499,2.1566435437
9306,41.3805145918732,2.16095944066559
9307,41.3769239322265,2.15618728623128
9308,41.3786255164826,2.1584529739172
9309,41.3786170689358,2.15889915057188
9310,41.3801494539348,2.16086862781916
9311,41.3811834557992,2.16229609537037
9312,41.3821602317378,2.16328660888941
9313,41.3752116706465,2.15415697248948
9314,41.375843605846,2.15100423742936
9316,41.3767574911703,2.16091983332783
9317,41.3770986935398,2.16091329537976
9319,41.3835433939402,2.16337514060797
9320,41.37520812789,2.16599841710643
9321,41.3751497421038,2.1643807580943
9322,41.375066486804,2.16183332449674
9323,41.3751719119562,2.15351579987205
9324,41.3760591078689,2.16182413865617
9325,41.376078286949,2.16227466647129
9326,41.3775768121745,2.16429224856345
9327,41.3777400935651,2.16406434699777
9328,41.3760712646039,2.15731600380685
9329,41.3776050059933,2.15528086043825
9330,41.3779439263752,2.15527641517293
9331,41.3784291150866,2.15450174827647
9332,41.3760731410197,2.15777530382767
9333,41.3831654308725,2.16359089578509
9334,41.3759109295036,2.15302183018328
9335,41.3760843786825,2.15279856381044
9336,41.3818595859456,2.16093975995617
9337,41.3796512061352,2.15754867780297
9338,41.379308560091,2.15754867497451
9339,41.3812019277783,2.160066686754
9340,41.3822053397446,2.1609398002122
9341,41.3794967528017,2.16228371727796
9342,41.3778115071898,2.15997239549724
9343,41.3777843436936,2.1595737705991
9344,41.3794661708067,2.16181719743384
9345,41.3779285970548,2.15982017810276
9346,41.3800077697703,2.15670464341895
9347,41.3801064949199,2.15681073158089
9348,41.3765996089667,2.15225860397434
9349,41.3805637719284,2.16298084745712
9350,41.3805480417376,2.16283123513366
9351,41.3808066427417,2.16248396861903
9352,41.3825911517773,2.16012398222537
9353,41.3825709261018,2.16031846123875
9354,41.3709569739294,2.15662796725501
9356,41.3740492510989,2.16302661054887
9357,41.3727800941988,2.16253876033949
9358,41.3733234677916,2.15858059075957
9359,41.3739003324547,2.16049521683663
9360,41.3747526255049,2.1620116148767
9361,41.3744775418858,2.16195125311114
9362,41.3732641407699,2.16148800173885
9363,41.3721502135646,2.16109535510386
9364,41.3737360111634,2.1614518134154
9365,41.3738761344209,2.16079847925773
9366,41.373006110832,2.16354989680003
9367,41.3741291835212,2.15990914352236
9368,41.3734683869466,2.15592480540256
9369,41.3731093246097,2.15594325857745
9370,41.3727409697182,2.15596583753049
9371,41.3721565307771,2.15945100120739
9373,41.3734964210485,2.15665244493146
9374,41.3744936235938,2.1598178473371
9375,41.371891709904,2.16477597701585
9376,41.3722678168421,2.16280352860062
9377,41.3746860805238,2.16390903996603
9379,41.3729317558223,2.16329929146559
9380,41.3731731531112,2.17103357484012
9381,41.3743090196734,2.16927477817383
9382,41.3732274125229,2.16827335263517
9383,41.3727064533257,2.16760819713119
9384,41.3748729355696,2.16170692938147
9385,41.3734029098728,2.15972331633665
9386,41.3735771586384,2.1591613796974
9387,41.3736685764697,2.15757339792123
9388,41.3748207629226,2.16229614731942
9390,41.3748228606549,2.1562347167889
9391,41.3747910767629,2.16288010735903
9392,41.3747952512156,2.16359352324871
9393,41.3726865800369,2.17107927280687
9395,41.3736937323556,2.16525489352271
9396,41.3722498673097,2.16441118620896
9397,41.3739656117173,2.17364509397914
9398,41.3743787143213,2.16123339460052
9399,41.3735074281161,2.16091813459215
9401,41.374521988214,2.15837877100654
9402,41.3744624865004,2.16730649674815
9404,41.3724270443194,2.16603077178895
9405,41.3733841498555,2.16585758677032
9406,41.3729446823797,2.16555830495472
9407,41.3713236171927,2.15955202681557
9408,41.3745744339492,2.15574237439052
9409,41.3744319882048,2.16487485394998
9410,41.3738044542632,2.16449488368837
9411,41.3735408295108,2.16430056763963
9412,41.3746888598211,2.15751011064196
9413,41.3728267630306,2.17358123111994
9414,41.3730333978378,2.17254742590871
9415,41.3731647509609,2.17209920445221
9416,41.3736236912467,2.17054349533803
9417,41.3740481174894,2.16943900557292
9418,41.3742406609415,2.16877701790406
9419,41.3744799623111,2.16796914484228
9420,41.3578794,2.1389502
9426,41.3602368,2.1411734
9430,41.3674639676317,2.13978976247845
9432,41.3597453,2.1396052
9433,41.368592657627,2.14085517537344
9434,41.3690465374862,2.14145611947877
9435,41.3701268619455,2.14289184726511
9436,41.370644712867,2.14358252229617
9437,41.3720308393381,2.14542637856856
9438,41.3672837062947,2.14022691770484
9439,41.3680063929558,2.14050771243652
9440,41.3712852797161,2.14865912652023
9441,41.3725296177632,2.14809346537516
9442,41.3719372476211,2.14751280974811
9443,41.3717270546746,2.1471903657045
9446,41.3709003933053,2.14535767393044
9447,41.3685845393727,2.14216242969852
9448,41.3684515736493,2.14222875049071
9449,41.3717756486567,2.14653892901208
9450,41.3738155962999,2.14643811252471
9452,41.3763571299344,2.14552154583773
9453,41.3763372305325,2.14522841047356
9455,41.3767138538803,2.14629081736059
9456,41.3769905652663,2.14665760509185
9457,41.370859458739,2.14333168964309
9458,41.3727194246579,2.14580191232049
9459,41.3759851562242,2.14780698933547
9460,41.3780023242203,2.14344351050274
9461,41.3785462886985,2.14424804776278
9462,41.375648171719,2.14050064963247
9463,41.3721089851137,2.14441919665337
9464,41.3737986116285,2.14176409503447
9465,41.3792886716278,2.1433469906272
9466,41.3748434108948,2.14735751251593
9467,41.3701600392469,2.14235058605877
9468,41.3743213732416,2.14255987085046
9470,41.3764801600696,2.14073884016473
9471,41.3798342067464,2.14244843926807
9472,41.375919441379,2.14642758808099
9473,41.3759420216164,2.14516725137044
9474,41.3763907251998,2.14467612381466
9475,41.3767934699226,2.14438722560674
9476,41.3778664052011,2.14548972469476
9477,41.3715014145507,2.14339437901891
9478,41.3746496090633,2.14380252407483
9479,41.3750052660366,2.14140698671985
9480,41.3728381466038,2.14309397935111
9481,41.3698632685126,2.13228085148149
9482,41.3699965080506,2.13750775954653
9483,41.3718078830552,2.14100020045812
9484,41.3703103982091,2.13865745398604
9485,41.3737738836286,2.14049601423141
9486,41.3707368580979,2.13742889035236
9487,41.3671128237295,2.13328897776393
9488,41.3676742803534,2.13451378107831
9489,41.370884309833,2.13366132999861
9490,41.3701879691295,2.13388802518944
9491,41.3710777912499,2.13108027125904
9492,41.3760392583099,2.12527723996225
9493,41.3764977289317,2.12478704007528
9494,41.3724811692278,2.12789064218922
9495,41.3748787931603,2.13051494410423
9496,41.3743695397966,2.1238724615502
9497,41.3729116739048,2.12556241177125
9498,41.3719850400348,2.12697960531518
9499,41.371479972085,2.12777805881194
9500,41.3751314240461,2.12276131752213
9501,41.3724579848737,2.12717025623096
9502,41.3739525232806,2.12558602609045
9503,41.3761615655942,2.12997370891654
9504,41.3782051696222,2.1292439697799
9505,41.3750753180243,2.12632639776749
9506,41.3749031289578,2.12641994322903
9507,41.3746775055031,2.12657259490696
9508,41.3714425631395,2.12913789800063
9509,41.3743221113362,2.1302987532334
9510,41.373805330971,2.12895411042096
9511,41.3708991254562,2.12948487641632
9512,41.3751195822502,2.12988994327555
9513,41.3758259675365,2.12637315485809
9514,41.3770037209756,2.12553693182984
9515,41.378245922116,2.1275497493488
9516,41.3769238332069,2.12508780868932
9517,41.3774537790683,2.12595394827219
9518,41.3778203851287,2.12661416236242
9519,41.3784818480889,2.12776556351722
9520,41.3768666991756,2.12941793005805
9521,41.372480758549,2.13090740551413
9522,41.3714129701177,2.12890897014587
9523,41.3774969184611,2.1262887344836
9524,41.3767096765967,2.12639864609239
9525,41.377684320204,2.12916554970367
9526,41.3733231127232,2.12797168794117
9527,41.3757506049817,2.12355388053199
9528,41.3753231925025,2.12730999961939
9529,41.3740213631389,2.128412893855
9530,41.3718476277272,2.13017529394936
9531,41.3746008081224,2.12428903609062
9532,41.3752340046666,2.12411916598739
9533,41.3736772828808,2.12446508022773
9534,41.3757541169976,2.13690652432478
9536,41.3747678185325,2.13087833708725
9537,41.3824947732217,2.13709999728855
9538,41.3787039026034,2.12959882960815
9539,41.3768128300919,2.13029643775273
9540,41.3748489100262,2.13269371726778
9541,41.3797213516112,2.13797484436722
9542,41.3816855748565,2.13643965429474
9543,41.3804733123426,2.13722370955764
9545,41.3818321190665,2.14012933310199
9546,41.3769268865144,2.1376693933644
9547,41.3747129,2.1353774
9548,41.3762476943903,2.13586976425822
9549,41.37790682284,2.13506444886139
9550,41.3789743783161,2.13456648569647
9551,41.3798003657605,2.13417775222021
9552,41.3750667728253,2.1399540022014
9553,41.3801633556899,2.13909390116857
9554,41.376574374229,2.1342596088862
9555,41.3772869618968,2.13389030798207
9556,41.378021830635,2.1337362929104
9557,41.3775966566521,2.13378598514313
9558,41.3786937401422,2.13345757179836
9559,41.379635450255,2.1330388363102
9560,41.3801666,2.1328385
9561,41.3800359160911,2.13268260173619
9562,41.3816434818677,2.14212386495995
9563,41.3832897874344,2.14223482485738
9564,41.3798998944709,2.13035136533884
9565,41.3814801,2.135134
9566,41.3737347107289,2.13616929971613
9567,41.3832725417962,2.14129818308525
9568,41.3836636463683,2.14059158700334
9569,41.3811860943267,2.14161063482522
9570,41.3830100119126,2.13937255226475
9571,41.3830427692507,2.13899830125074
9572,41.371927583913,2.13693435700007
9573,41.3733141288372,2.13643415407401
9574,41.3731466363637,2.13234647749034
9575,41.3763772211281,2.1390449755173
9576,41.3756483164414,2.13902173221781
9577,41.3807144120493,2.1397122485371
9578,41.374290648421,2.14032221023966
9579,41.371469356902,2.13349316252611
9580,41.3733932737799,2.13614618818241
9581,41.3746165311894,2.13827976103281
9582,41.3763662466505,2.13534394655939
9583,41.3761769362276,2.13229861797366
9584,41.3792574316354,2.1310151712551
9585,41.3773935049832,2.13563836682056
9586,41.3777898937933,2.13625368246785
9587,41.3783179746293,2.13750220202291
9588,41.3800012636747,2.13653971859017
9589,41.3812169140169,2.1357168044021
9590,41.3757322850371,2.1397769448849
9591,41.3911505315808,2.13470233142864
9592,41.3879664435911,2.13277711936336
9593,41.3832524231577,2.13875813433752
9594,41.3834001895006,2.13905278728839
9595,41.3849503871404,2.1415310369727
9596,41.3883828735256,2.14157472794193
9597,41.3858911053685,2.14048271430521
9598,41.3834308974324,2.13723165896242
9599,41.3837845063867,2.13782608399836
9600,41.3839013872067,2.13784584663071
9601,41.384183015505,2.13830453317983
9602,41.3868713590129,2.13179318541517
9603,41.3841202163241,2.13253910805882
9604,41.3880690425401,2.13094622615291
9605,41.3885013745762,2.13193354343535
9606,41.3824092550175,2.1359715428273
9607,41.3824550965194,2.1361332040877
9608,41.3841725570717,2.13491199772324
9609,41.3841713981524,2.13480158706982
9610,41.388033568702,2.13602691315583
9611,41.3840197811488,2.12937187056524
9612,41.3850813297419,2.12882990491242
9613,41.3864095857099,2.12810579696351
9614,41.3839984244845,2.13032060517634
9615,41.3877937059875,2.13665067021787
9616,41.3887172399462,2.1384905045276
9617,41.3899288615793,2.14056650896091
9618,41.3903688296529,2.14113003699761
9619,41.3879558689869,2.13491785863725
9620,41.3871354113092,2.13202207655327
9621,41.3903812594528,2.13767361465474
9622,41.3868389941828,2.13898786756387
9623,41.3847937516999,2.14126010921059
9624,41.3874440387275,2.13066354954842
9626,41.3901805133113,2.12954859794217
9627,41.387230292709,2.13078899195029
9628,41.3827333062461,2.13266011860035
9629,41.3837944649386,2.13218915650517
9630,41.385410028281,2.13143110279764
9631,41.3858679043886,2.13130731433599
9632,41.3871442322288,2.1305394466509
9633,41.381882284568,2.13309740674601
9634,41.3880038289905,2.14218165699134
9635,41.3887462980046,2.14278339150774
9636,41.3872406047138,2.14110632224993
9637,41.3854618443578,2.12794306269652
9638,41.3868174413496,2.12939003931549
9639,41.3812589022406,2.13232901904375
9640,41.3826575508497,2.13136840662645
9641,41.3832207,2.1311682
9642,41.3839111781768,2.13091793177437
9643,41.3844702444286,2.13052891014112
9644,41.385246182117,2.13006829814566
9645,41.3860593,2.1299263
9646,41.3875268958414,2.12862568498412
9647,41.3867878011053,2.14253310669665
9648,41.3902943283089,2.14325404501028
9649,41.380874443503,2.13172953782856
9650,41.3826941154841,2.13052087133809
9651,41.3818015413539,2.13103627977432
9652,41.3892599617947,2.14188037435392
9653,41.3810135497227,2.13268248617454
9654,41.3811911066202,2.13333053787697
9655,41.384877987938,2.13685016378424
9656,41.3853947281839,2.14007876089717
9657,41.3879106949429,2.13924032420692
9658,41.3865518810579,2.13770155666312
9659,41.3886799627917,2.14030604152572
9660,41.3911849395418,2.13248922996182
9661,41.3841348048473,2.13993976238359
9662,41.3850600680196,2.13912172803568
9663,41.3857772486415,2.13805731638574
9664,41.3872181851256,2.13673408946541
9665,41.3853418275851,2.13691596938898
9666,41.386675936606,2.13521047608206
9667,41.3870698337818,2.13490779976953
9668,41.3889466777269,2.13327951330482
9669,41.3809244519398,2.12957322669881
9670,41.3894201367537,2.14225837924249
9671,41.3893671393312,2.12934418174856
9672,41.3916777811285,2.1354746843321
9673,41.3905872413547,2.14025654932389
9674,41.3858390007172,2.13863543618403
9675,41.3823113226035,2.13522956836672
9676,41.3829359140194,2.13453134417034
9677,41.3834591881828,2.13420581450568
9678,41.3770508331994,2.12445878723446
9679,41.3775275195196,2.11976273936638
9680,41.377789903966,2.12556515325245
9681,41.3777659120871,2.12538021560638
9682,41.3773716490121,2.12187947024445
9683,41.3771025701072,2.11461126968471
9684,41.3774186805128,2.11523673279232
9685,41.3786955832012,2.1178216154533
9686,41.3790535549365,2.11894552669286
9687,41.3867350771682,2.12687706268788
9688,41.3796815095305,2.12693722932387
9689,41.3779790233868,2.12240991818646
9690,41.3774260008582,2.12285444850446
9691,41.3820556754192,2.12746428372766
9692,41.3783279554574,2.12668497250546
9693,41.3784872471072,2.12680106706376
9694,41.37948177052,2.12575889558607
9695,41.3795238245745,2.1261790106613
9696,41.3759392701244,2.1228851626769
9697,41.3761683978118,2.1232786145876
9698,41.3800636968075,2.12702667329777
9699,41.3807529807216,2.12811996495014
9700,41.3829490958661,2.12613575036034
9701,41.3843356815091,2.12653108401868
9702,41.3841653803232,2.12649122234628
9703,41.3767986124694,2.12214435330233
9704,41.3855993463721,2.12484098317701
9705,41.3864204335101,2.12377868266163
9706,41.376588095742,2.11677532686252
9707,41.3762759562656,2.1172751029232
9708,41.3892126655011,2.12163837225716
9709,41.3951963,2.1143276
9710,41.3902086567796,2.12435070504373
9711,41.3909006955648,2.1262320053111
9712,41.3897673842715,2.12465140416839
9713,41.3899699812014,2.12577935877456
9714,41.3898159818031,2.12035246228264
9715,41.3910415358813,2.12412722328259
9716,41.3913359682075,2.12531723592066
9718,41.3863122244394,2.11328844560955
9719,41.4131258,2.1048355
9720,41.3953418252047,2.12606724508015
9721,41.3957211637846,2.1253633529952
9722,41.3993031764283,2.1240104236894
9723,41.3940628575597,2.12620729561265
9724,41.3928689512483,2.12652169455091
9725,41.3941167525308,2.1259385109905
9726,41.3943822762459,2.12598251980417
9727,41.3956144426474,2.12151536905974
9728,41.3954482461214,2.123117822334
9729,41.3987073654313,2.12049745770418
9730,41.3950136091034,2.12431369481204
9731,41.3959937308664,2.12330169852928
9732,41.392914142235,2.12554637463399
9733,41.3975816713348,2.12159430280698
9734,41.3951400138117,2.12037408131484
9735,41.3962063872161,2.12490007373607
9736,41.3973005875317,2.12341600873404
9737,41.3977049506614,2.12293130163086
9738,41.4001456095106,2.12122804714663
9739,41.4011591531457,2.12016433681421
9740,41.394512837216,2.12689453449701
9741,41.3951137378389,2.12293676474064
9742,41.397617670806,2.12212022305782
9743,41.397563973593,2.1220120890366
9744,41.3948522283686,2.12221982805483
9745,41.3939816872109,2.12353386693359
9746,41.3946676327917,2.12487561729281
9747,41.3949022488931,2.1252366500763
9748,41.3952460261944,2.1243849070746
9749,41.3959128903411,2.13302108317404
9750,41.3954872516838,2.1262221008453
9751,41.3967049403844,2.12861338681424
9752,41.4035658364049,2.12987958545392
9753,41.3939339439232,2.13162279337727
9754,41.4000904551422,2.13122180883978
9755,41.3952668473028,2.1292257166124
9756,41.3964218396545,2.13031881112869
9757,41.3931018687273,2.13229209465368
9758,41.3998687384832,2.13127700360753
9759,41.404186246981,2.1296382096788
9760,41.4028557171246,2.135601560633
9761,41.4024801847644,2.13501525796448
9762,41.4068333872494,2.13845328959625
9763,41.4085923343429,2.13750532824033
9764,41.4077486602825,2.13792377371808
9765,41.4033833969465,2.13615016201734
9766,41.4067232236671,2.13709720647192
9767,41.4022715819612,2.13644119026022
9768,41.4029529870927,2.1358423443676
9769,41.403375550628,2.13520041573474
9770,41.4040528332774,2.13459805405062
9771,41.4049600352733,2.13364903405388
9772,41.4082570211537,2.13566036205243
9773,41.3996745445194,2.13383353365071
9774,41.4107956553919,2.13021456122799
9775,41.4052251300397,2.13935532751436
9776,41.407045598283,2.1331659204104
9777,41.403403670119,2.13372981184379
9778,41.4044211708552,2.13262730622642
9779,41.4044624008165,2.13353319660928
9780,41.4080804904399,2.13683165152277
9781,41.4031390215721,2.13766877959682
9782,41.4036840670107,2.13709731449192
9783,41.404197266286,2.13651000285109
9784,41.4048815247564,2.13573219022382
9785,41.4056253927852,2.13477455528069
9786,41.4058979452991,2.13422374583876
9787,41.4050898630679,2.13450277267759
9788,41.4031687267286,2.13355556883605
9789,41.4054985597144,2.13822580821177
9790,41.4054547024745,2.13709015228503
9791,41.4068708821458,2.13395916493336
9792,41.4074243689152,2.13431288816041
9793,41.4057565922688,2.13804303583136
9794,41.4059380960638,2.13780303349186
9795,41.4071764273764,2.1359230720675
9796,41.4080825865126,2.13463275610737
9797,41.3984731279204,2.14948559120122
9798,41.3988606210631,2.14910732897754
9799,41.3941921510262,2.14594628322361
9800,41.3949683433014,2.14503705928494
9801,41.3953641826822,2.14443368296994
9802,41.3958356125086,2.14390512896984
9803,41.396351011964,2.1431669807033
9804,41.3969795484957,2.14235977097944
9806,41.3949823218604,2.1504526816257
9807,41.396114954739,2.14934134685072
9808,41.3969050931123,2.14839904562691
9809,41.3991498234872,2.14561810405106
9810,41.397408390509,2.14788738278807
9811,41.3995623487574,2.14510643699811
9812,41.398027021706,2.14718183013243
9813,41.3986430691067,2.14652502140753
9814,41.4028482526928,2.14285720154833
9815,41.3982073300299,2.15331366814924
9816,41.3999456447671,2.15158284351401
9817,41.4010954642874,2.14853150758579
9818,41.4008233793177,2.14653218006793
9819,41.4008829340501,2.14624891850573
9820,41.4005965813258,2.14577073329591
9821,41.3972556397173,2.14935033803513
9822,41.3942793790477,2.14427077846716
9823,41.3938530137723,2.14157599116626
9824,41.392369060858,2.13646783938256
9825,41.401377513213,2.14524875493105
9827,41.3942871618473,2.14390635015701
9828,41.3955928747087,2.14228029418143
9829,41.3961459202318,2.14167321835543
9830,41.3969064316006,2.14084170385129
9831,41.3965219286174,2.15471502321529
9832,41.3999680503254,2.13530191331582
9833,41.4000071832189,2.13729856571568
9834,41.3998843240378,2.13596651653847
9835,41.4000539299012,2.13849562548862
9836,41.4000434036403,2.14275314252001
9837,41.3992639197616,2.14160857889635
9838,41.393466584277,2.14561934787214
9839,41.3926127895946,2.14273152551742
9840,41.3920764259895,2.14063607266895
9841,41.3916104258725,2.13866624611781
9842,41.3933053076187,2.13541277903041
9843,41.3947880510286,2.14185567805619
9844,41.3931254556376,2.14480256892807
9845,41.3943534163435,2.1386724870041
9846,41.3926661129823,2.1388719826456
9847,41.3933293175374,2.13858931478935
9848,41.3982841342575,2.13373402106284
9849,41.3938541230666,2.14611630024926
9850,41.3957731370569,2.14930094602613
9852,41.4022730888871,2.13900398565105
9853,41.4030938453224,2.13995355516408
9854,41.3949561943039,2.13599235273209
9855,41.3962257452056,2.13969956323635
9856,41.3947453277506,2.13952421360344
9857,41.3949879939514,2.13973560985032
9858,41.3975941509102,2.15353786474721
9859,41.4004452203048,2.14921423763941
9860,41.3972416052073,2.14500813523883
9861,41.4019321449533,2.14233113572278
9862,41.3940602187789,2.14846141856848
9863,41.3986367506561,2.13731202416335
9864,41.4007337971134,2.13726412067182
9865,41.4014003485594,2.13728366904537
9866,41.4012805993014,2.13745255637419
9867,41.4013242809389,2.138073382759
9868,41.3986291092702,2.13596956476911
9869,41.3989539618386,2.14477326563167
9870,41.3971282469845,2.14042644191896
9871,41.400480739018,2.1434098000676
9872,41.3945011859377,2.13756401961671
9873,41.3944033824811,2.13732009546338
9874,41.3952357986754,2.14638253460652
9875,41.3960548420808,2.14531980988505
9876,41.3969332577353,2.14407547604143
9877,41.3966610240899,2.14455322466803
9878,41.3985912883392,2.14197601995143
9879,41.3992501334954,2.1411975305115
9880,41.4003141248526,2.13989888729854
9881,41.400772400025,2.13925107880125
9884,41.3959873073734,2.15195720874855
9885,41.3964843338559,2.15125813679239
9886,41.401284400183,2.1479115194439
9887,41.4066266160353,2.13888701978504
9888,41.4077548177987,2.13829122829014
9889,41.4086621424266,2.13780399407193
9890,41.4050229678852,2.14076435868484
9891,41.4051929964924,2.14016318154546
9892,41.4056797280744,2.13988710473863
9893,41.4094586922831,2.13972407094061
9894,41.4106129993707,2.13967893024653
9895,41.4102720253444,2.14575753999912
9896,41.4121857827001,2.13967638328904
9897,41.4115533867214,2.13880231206201
9898,41.4070237151815,2.14540577730217
9899,41.4096055678164,2.14444416479958
9900,41.4025612798168,2.14880919425245
9901,41.4022330299551,2.14833823796915
9902,41.4062318374287,2.1472961139303
9903,41.4015491559705,2.15079637715612
9904,41.4096230988756,2.14115006244347
9905,41.402469918106,2.14699956311551
9906,41.4047882390274,2.14453778545646
9907,41.4043023450532,2.14395659515478
9908,41.4037887088886,2.1433753112741
9909,41.4087539070903,2.14686110646079
9910,41.4127779050845,2.13940463641785
9911,41.4013715898134,2.14918979097461
9914,41.4037100977984,2.14509338341401
9915,41.4033778839507,2.14721078892743
9916,41.4028352914179,2.14801627003901
9917,41.4040758879381,2.14617492972447
9918,41.4047552218794,2.14516309488711
9919,41.4051857046466,2.14452893496247
9920,41.4051872319505,2.14696809203011
9921,41.4101566361388,2.14000725038561
9922,41.4132711581016,2.14086412854262
9923,41.4132708105394,2.14012914253584
9924,41.4106028602224,2.14648208765955
9925,41.4194298714626,2.1408508008637
9926,41.4115789701788,2.14704409617496
9927,41.4075046434657,2.14840591419905
9928,41.4086386265294,2.14723130368242
9929,41.4095936562809,2.14649565099022
9930,41.4125711594064,2.13982113177783
9931,41.4133478362187,2.13891554695392
9932,41.4160227238302,2.13878631054745
9933,41.4185885609512,2.13951647630107
9934,41.4111058658533,2.15902713234053
9935,41.4120655046124,2.16083636320561
9936,41.4125259306585,2.15914128870154
9937,41.4086775373334,2.15445420666486
9938,41.4106292081196,2.15601887039158
9939,41.4101564801838,2.15568217037201
9940,41.4099264685382,2.15651581306669
9941,41.4121122641191,2.15967839869436
9942,41.4125564935132,2.16010693051033
9943,41.4092417604451,2.15194531004751
9945,41.4135311385707,2.15322130845534
9946,41.4120424474637,2.16029960838348
9947,41.4115653450704,2.15027032651159
9948,41.4096671953296,2.15114322683552
9949,41.403199349017,2.15411990793684
9950,41.3959745,2.1560369
9951,41.4045821284928,2.15149298261131
9952,41.3977088936775,2.15886364241306
9953,41.3979547248694,2.1592572258062
9954,41.3984862019644,2.16009144610783
9955,41.4056989754253,2.16230095352377
9956,41.4037439946498,2.15158807989866
9957,41.4031496066285,2.15028414251418
9959,41.4082639726694,2.15187632132951
9960,41.4088091397254,2.15341472746917
9961,41.4060685295932,2.1623120703877
9962,41.4074971547383,2.1609366605431
9963,41.3986803885804,2.15349834975555
9965,41.399571922202,2.15521283352695
9966,41.4018021214667,2.15838881159569
9967,41.401784079953,2.1585885489796
9968,41.4026425399134,2.16002725580669
9969,41.3984110475882,2.15707492028723
9970,41.3987077467288,2.15672417086511
9971,41.3991834868091,2.15616032041145
9972,41.4001649429877,2.15496928119764
9973,41.4009547505108,2.15400397018004
9974,41.4015456169132,2.15331367276651
9975,41.4028608224222,2.15228981788239
9976,41.40399707986,2.15174715710468
9977,41.4045301427636,2.16113953031499
9978,41.4051771053913,2.1604912238539
9979,41.4058363312503,2.15982917947545
9980,41.4064463534813,2.15922371763938
9981,41.4004490406575,2.16331614652731
9982,41.4041044339002,2.160315665134
9983,41.4015779380061,2.15412101075249
9984,41.4058663802199,2.15119341144454
9985,41.404524875942,2.15711029949558
9986,41.4049640150441,2.15783260643005
9987,41.4063772100349,2.15107409132521
9988,41.4017264584314,2.15257076497464
9989,41.4076080489392,2.15853389790058
9990,41.405869393622,2.1558317105301
9991,41.4069284526488,2.15743479643219
9992,41.4039392406798,2.16077669654884
9993,41.4046500479772,2.16192098209905
9994,41.4052983670485,2.15625878041451
9995,41.404391918288,2.15871722204407
9996,41.4049394030139,2.15956964154278
9997,41.4065641044084,2.15272230245975
9998,41.4076804787707,2.15477495686056
10000,41.4047229576397,2.16169329096316
10001,41.4055210980983,2.16090077494019
10002,41.405871091028,2.1605560182422
10003,41.4068557777485,2.15957918070325
10004,41.4086939557244,2.15775985551929
10006,41.39868020262,2.16117393795292
10007,41.3997339793832,2.15993065952635
10008,41.4017401886987,2.15757006214807
10009,41.4010419300913,2.15871702174783
10010,41.4019909704146,2.15727483728084
10011,41.4013324006561,2.15835206803009
10012,41.4052218883423,2.153847933696
10013,41.4056038591469,2.15339299911787
10014,41.4068274144948,2.15178636330077
10015,41.406180790687,2.15271058582826
10016,41.4035201823077,2.15991410762259
10017,41.4037903500986,2.15969665980235
10018,41.4049318817468,2.15825060980988
10019,41.4055218802457,2.15765734012632
10020,41.4011722909117,2.16196564329303
10021,41.4050321396137,2.15559605207433
10022,41.4028205797002,2.16302366241342
10023,41.4026513489836,2.16324930899847
10024,41.4017918096047,2.16437715741723
10025,41.4019622770375,2.16414785213674
10026,41.4037134350856,2.16184659872382
10027,41.4011441839685,2.16522890908777
10028,41.4075597762585,2.16269381892418
10029,41.4093540890696,2.16090924401729
10030,41.403683527214,2.1708841660605
10031,41.4033540341891,2.16863114863368
10032,41.4050539223606,2.17088367362571
10033,41.4019309641177,2.16671053112076
10034,41.4036954661323,2.1686253609132
10035,41.4043772272797,2.16998309862418
10036,41.4043776804899,2.16952787603319
10037,41.4026931055185,2.16730398587544
10038,41.4073560503586,2.1616320105006
10039,41.4069540548765,2.1617802571394
10040,41.4088602205012,2.15998686245738
10041,41.4093019291384,2.15954776930608
10042,41.4102928053567,2.15862719809601
10043,41.4042375514695,2.16262814628872
10044,41.4050890587357,2.16404437250087
10045,41.40740949921,2.16776887560275
10046,41.4067915676905,2.16431289996809
10047,41.4033448215206,2.16639930351271
10048,41.4036892125389,2.1664103348613
10049,41.4043700077697,2.16773677656751
10050,41.4053937182886,2.16864145874297
10051,41.4060598981105,2.16954384249661
10052,41.4025317983618,2.16490770095457
10053,41.405044798394,2.16864560737171
10054,41.4043671282891,2.16728279296069
10055,41.4050469124629,2.16638574384637
10056,41.4026733782643,2.1695346819447
10057,41.4060324894876,2.16553160193259
10058,41.4057879449021,2.16316280312844
10059,41.4065959842001,2.16338214430602
10060,41.4077725548975,2.16349555252059
10061,41.4077333976693,2.16370719410899
10062,41.4101965102659,2.16411691176333
10063,41.4089625716333,2.16109039915997
10064,41.4095793947449,2.16225741145852
10065,41.4100117309747,2.16308977999796
10066,41.4043597117377,2.16502899699238
10067,41.4043661924423,2.16548771979773
10068,41.4052269647386,2.16427829177937
10069,41.4020026638914,2.16863431648121
10070,41.4026884545461,2.16773803326881
10071,41.404354195898,2.17179941314904
10072,41.4012271474481,2.16761851119959
10073,41.4032292919016,2.16398350800069
10074,41.4060733830842,2.16774512881117
10075,41.4067469008012,2.16863988176127
10076,41.4036155944827,2.1644818013445
10077,41.4060733090187,2.1672867306815
10078,41.4029128298003,2.16540630124447
10079,41.4091165977813,2.16567593587562
10080,41.409473409041,2.16302298656303
10081,41.4110144719005,2.16137985502019
10082,41.4068016520237,2.16675771063543
10083,41.4066750774785,2.16654361568027
10084,41.4099186716418,2.16714089277743
10085,41.4115317885443,2.1652721809703
10086,41.4105738865846,2.1666075691318
10087,41.4131462586315,2.16313862771058
10088,41.4141369,2.1702561
10089,41.4105330566498,2.1732396289662
10090,41.4112637069478,2.17211913551302
10091,41.4107815554322,2.17248544618051
10092,41.411546885563,2.17157939598537
10093,41.412157035736,2.17098067085903
10094,41.4122996,2.170517
10095,41.4139378458213,2.16870889709321
10096,41.408307640805,2.16919050580314
10097,41.4101140216937,2.17152938306942
10098,41.4090327457287,2.17033931190598
10099,41.408456600208,2.16944913277546
10100,41.4094314303782,2.17045364592528
10101,41.4098246963959,2.17152241040279
10102,41.4117484340867,2.16560529506721
10103,41.4122061807921,2.16745428258966
10104,41.4131667025341,2.16918146765449
10105,41.4097704389483,2.16992144132698
10106,41.411071999356,2.16811350327679
10107,41.4107329011961,2.16856046770984
10108,41.4112900956046,2.16940113710462
10109,41.4117627577602,2.17007134824035
10110,41.4125842249198,2.17113455549257
10114,41.4079144365616,2.16972320055783
10115,41.4090059996504,2.1684187519814
10116,41.4100287647203,2.16731811936873
10117,41.4120674590372,2.16925399546354
10118,41.4142784195358,2.16973195159909
10119,41.4095348713462,2.17187767225359
10120,41.4106820744313,2.17052250627322
10121,41.4070970316602,2.16864128072981
10122,41.4111855447279,2.17045532607281
10123,41.4124470600007,2.17214052660165
10124,41.4112256829698,2.16335373456143
10125,41.4133806527117,2.16155219739373
10126,41.421791540926,2.17916347071646
10128,41.4204294988536,2.17496491000648
10129,41.4180295240969,2.176832376711
10130,41.4211671485108,2.17885046962294
10131,41.4202968949725,2.17960014110992
10132,41.4170893027545,2.1748112043693
10133,41.4220718897134,2.17728336285209
10134,41.4225573777421,2.17722598628828
10135,41.4206228534401,2.17686883099204
10136,41.4188883811069,2.17826498014801
10137,41.4211678365033,2.1756026895818
10143,41.4197976189187,2.17476117265343
10145,41.4195202279041,2.1778294127054
10146,41.4219022130577,2.17478078528421
10147,41.4157882442372,2.17563266186515
10148,41.4196861565869,2.17325571920301
10149,41.4139024237211,2.1776744169625
10150,41.4143893082281,2.17710045977958
10151,41.4222731042631,2.17853402452805
10152,41.423488738691,2.17582332214074
10153,41.4174535905543,2.17280040102347
10154,41.418859156519,2.1789284235188
10155,41.4225910225145,2.17532912207984
10156,41.415442078881,2.17815017311868
10157,41.4158644132823,2.17900634198835
10158,41.4235365624372,2.17619350223714
10159,41.4228199699937,2.17567544743652
10160,41.4221202276626,2.17523020075238
10161,41.4184550838911,2.17266362718645
10162,41.4203317812388,2.17392050719941
10163,41.4198304600746,2.17519514027258
10164,41.4210662014733,2.17414780538002
10165,41.4155918581403,2.17984454403711
10166,41.4159202102919,2.17951396910983
10167,41.4174340217023,2.17454546051529
10168,41.417009878318,2.17629867616195
10169,41.4168077177469,2.17836625124477
10170,41.41642753738,2.1781521870261
10171,41.4270514467353,2.13727733416231
10172,41.4247889811732,2.14073231307958
10173,41.4250445949266,2.13887113689278
10174,41.4259366820056,2.13866705423769
10175,41.4293963063485,2.14178349409335
10176,41.4302172691598,2.14223371560509
10177,41.4308775522668,2.14159697045893
10178,41.4298782815545,2.14237967327782
10179,41.4319524375203,2.14378426064578
10181,41.4415532875625,2.19012556858363
10182,41.4396060016337,2.18712179262459
10183,41.4392293901114,2.18701703811623
10184,41.438905367065,2.18565840582087
10185,41.4398623952941,2.18821775397068
10187,41.4405699303411,2.18635195968792
10188,41.4323010628039,2.1856718749701
10189,41.4336007467454,2.18589646574697
10190,41.4374992701048,2.19218489257905
10191,41.4384165466436,2.19219444129931
10192,41.4391361627301,2.19202683072316
10193,41.4407502573966,2.19192590814995
10194,41.4296399224994,2.18445844837532
10195,41.430664926069,2.18446620548874
10196,41.4311923502265,2.1843947106938
10197,41.4315306953293,2.1843417572213
10198,41.432613400284,2.18417230943566
10199,41.4335607649385,2.1840399011965
10200,41.4321721425264,2.19441239776451
10201,41.4301854886137,2.18934892504828
10202,41.4299846015927,2.18888270744417
10203,41.4300004513559,2.18774026789244
10204,41.4300473099432,2.18659251576337
10205,41.4300577199415,2.18560924414868
10206,41.4384148820411,2.19321319677129
10207,41.4397164057172,2.19312308360316
10208,41.4410540879449,2.19303148301621
10209,41.4290508011628,2.1902703309598
10210,41.4292041959913,2.19019517344406
10211,41.4296957719793,2.1899538334375
10212,41.4305280006075,2.18967866766379
10213,41.4311508616491,2.18936484361683
10214,41.4316186670353,2.18940881329252
10215,41.4324001357152,2.18932452582779
10216,41.4334562484771,2.18937867511359
10217,41.4343521140194,2.18956385902298
10218,41.4351138119167,2.18973222386489
10219,41.4374226720995,2.18935901258243
10220,41.4382108039273,2.18893651407139
10221,41.43926732995,2.18872300461275
10222,41.44057750203,2.18846953133981
10223,41.4408714167525,2.18841876617442
10224,41.4416117536912,2.18831826674325
10225,41.4426129779252,2.18821213119199
10226,41.4386912099322,2.19021879333226
10227,41.4317197147414,2.18570008567535
10228,41.4376855764971,2.19072278483503
10229,41.435667652189,2.1865890715432
10230,41.4359938987755,2.190071378859
10231,41.4360332963125,2.18909762147015
10232,41.4362091819301,2.18802511968686
10233,41.4348631064111,2.18808205284393
10234,41.4317529607628,2.1834672061951
10235,41.4349476120808,2.1842104858873
10236,41.436733376208,2.184869792687
10237,41.4409199091505,2.18610931793759
10238,41.4412544119119,2.18622429789203
10239,41.4431200072026,2.18686995188028
10241,41.439536689269,2.18683501569008
10242,41.4417531068619,2.18732879983275
10243,41.4419422614452,2.18785663355172
10244,41.4300297721992,2.19508508000933
10245,41.4299083351883,2.19393581174347
10246,41.4299727299673,2.19012035316864
10247,41.4302096252355,2.19127071368105
10248,41.4328213562016,2.18641993216281
10249,41.4354837686786,2.18835075050812
10250,41.4339761047922,2.18865556393597
10251,41.4343915158581,2.18629004137678
10252,41.4338489904377,2.19009157958363
10253,41.4295658871855,2.19264510371508
10254,41.4448424504612,2.18899351036271
10255,41.4305422843092,2.195100759095
10256,41.4326912537033,2.1932964186112
10257,41.4369733616961,2.19108696903943
10258,41.439259358979,2.19092551133547
10259,41.4403282898179,2.19085129391319
10260,41.441831514643,2.19074518743468
10261,41.4382781192247,2.18818091516669
10262,41.4261579,2.1898437
10265,41.420879406748,2.18250727101396
10267,41.4154011494445,2.18914107332536
10268,41.4160326588986,2.18822907748751
10269,41.4176594370473,2.18581825869253
10270,41.4183871315793,2.1889712815337
10271,41.4187081172764,2.18367375065025
10272,41.419167882357,2.18374505652791
10273,41.4162394015911,2.19036043003766
10274,41.4165451394839,2.18985845714258
10275,41.4157291544227,2.19064642989026
10276,41.4184616447392,2.18737549385698
10277,41.4191482276509,2.18644732571219
10278,41.4172670274503,2.18899963555097
10279,41.4197820986805,2.185634082577
10280,41.4194458078222,2.18566757163617
10281,41.4179109371993,2.18987053796769
10282,41.4198906796349,2.18732772118562
10283,41.4176046287516,2.18483335702109
10284,41.4179702462946,2.18536681909773
10285,41.4175972440428,2.185111379547
10286,41.4162477745408,2.18583502721786
10287,41.4167300119625,2.18640801184978
10288,41.4169170913015,2.18633395317915
10289,41.4175043147578,2.187415278561
10290,41.4179752213972,2.18810305653079
10291,41.4187530070094,2.18874977461489
10292,41.4186197121948,2.18219661683963
10293,41.4194126304815,2.18318181419042
10294,41.4197231508291,2.18347260945648
10295,41.4181124147288,2.18107762211703
10296,41.4138407480899,2.1890099969419
10297,41.4147070147539,2.19010902646756
10298,41.4150592148624,2.18728210011914
10299,41.4181294342618,2.18298242357047
10300,41.4194636338782,2.1814168637165
10301,41.4145413965192,2.1880971370487
10302,41.4157488640695,2.18732561406095
10303,41.4177687328371,2.19005299347569
10304,41.4199065166108,2.18620660939676
10305,41.4128984005285,2.18335491303148
10306,41.4145782284798,2.18442180821224
10307,41.4143954050205,2.17881604861313
10308,41.4136299881013,2.17985307583744
10309,41.4138060763503,2.18006428136057
10310,41.4104945172298,2.17770961838187
10311,41.4112073853342,2.17909310426721
10312,41.4112053466097,2.178645271588
10313,41.4111625158273,2.18377001211066
10314,41.4107696163082,2.1832327920209
10315,41.4068916945469,2.18242260708389
10316,41.4079276287912,2.18110372184993
10317,41.4111801024428,2.17680635716111
10318,41.4123465672631,2.18077475733352
10319,41.4170441881249,2.18329331943681
10320,41.4160911352959,2.18112646543756
10321,41.4101286473817,2.18009700354939
10322,41.4120760644653,2.17793854689836
10323,41.4126387851693,2.17687228361075
10324,41.412910127367,2.17685732366598
10325,41.4087916975431,2.18224019747007
10326,41.4069192703142,2.18429626130189
10327,41.4077544503836,2.18315955791281
10328,41.4077569061383,2.18362739007295
10329,41.4092575976335,2.18119367849986
10330,41.4161412033342,2.18322805022697
10331,41.412937863578,2.17898050134294
10332,41.4152816375901,2.1817283348458
10333,41.415402833273,2.18317973373449
10334,41.4119718500576,2.18272432365021
10335,41.4153213382625,2.18255514205855
10336,41.4137415410086,2.18116506936566
10337,41.4115677073833,2.18580833574406
10338,41.4128843909628,2.18267015771758
10339,41.4127022855568,2.185769639593
10340,41.4139702760158,2.18319117193577
10341,41.4171544968167,2.18417040927055
10342,41.4102230074901,2.18238388540521
10343,41.4154852208835,2.18625338796975
10344,41.4113310220352,2.18146485112144
10345,41.4163711282555,2.18500568299332
10346,41.4145580676628,2.17902257679628
10347,41.4148287008484,2.17925666775901
10348,41.4169196562993,2.1822048407798
10349,41.412229265357,2.17991787321135
10350,41.4082516987048,2.18394644726829
10351,41.4088872846842,2.18479395405803
10352,41.4091484252774,2.18320199725522
10353,41.4098128103392,2.1823355705612
10354,41.4107448780148,2.18112554622041
10355,41.4077741927755,2.18593998812089
10356,41.4060248761206,2.18359200341866
10357,41.4088721257327,2.18745724510722
10358,41.4090617820474,2.18771035421143
10359,41.4117231171528,2.19067034887195
10360,41.4111135496732,2.19261455208634
10361,41.4098538759218,2.19420004425933
10362,41.4097132534878,2.19416823311737
10363,41.4111131925035,2.19216587302335
10364,41.4117608914773,2.18968453122937
10365,41.4133288255681,2.19016014531052
10366,41.405877794055,2.18566521952102
10368,41.4068751305222,2.19115040198458
10369,41.4095820306162,2.18920238723836
10371,41.4075011756581,2.1893199526735
10373,41.4087292163835,2.1897190273583
10374,41.4068821793907,2.18911645077309
10375,41.406565716807,2.18900809696169
10376,41.4053564770638,2.18908824110904
10377,41.4060701311345,2.18899492591366
10379,41.4132473461622,2.19399639591202
10380,41.4117782094955,2.18737823906281
10381,41.4060379991852,2.18588257832133
10382,41.4105939517632,2.19546120744109
10383,41.4109562844911,2.19470769445691
10384,41.413723516618,2.18923057098356
10385,41.4143622513627,2.19015668401486
10386,41.4065636066378,2.18713908033072
10387,41.4096899755944,2.19290980554887
10388,41.4108451634462,2.18820606670571
10389,41.4078655177506,2.19210367876145
10390,41.4091327874138,2.19210527930224
10391,41.4117464462963,2.18850789838438
10392,41.4127954441669,2.18990692789644
10393,41.3914084671216,2.18258494011608
10394,41.3922535918142,2.18373573589973
10395,41.3929357522139,2.18464400732264
10397,41.401577714857,2.18905847689743
10398,41.3906010261923,2.18366228645118
10399,41.3914566351315,2.1847973536608
10400,41.3914433560727,2.18434077801189
10401,41.3921340221507,2.18570369923586
10405,41.3916919525405,2.18934193141059
10407,41.3937484173605,2.18792487571824
10410,41.3908897986477,2.1853940675573
10411,41.3921202233868,2.1880146358241
10412,41.3946831,2.1964894
10414,41.3913031603625,2.19396524288163
10415,41.3905510605743,2.19600078922204
10416,41.3918534115223,2.19808340486978
10417,41.3903734449634,2.20045975787834
10418,41.3910778301206,2.20149061690319
10419,41.3884524287558,2.19805466644441
10420,41.391444438066,2.18933083231105
10423,41.3867349755309,2.19729397770489
10424,41.3888289909764,2.19499341265183
10425,41.3902499928484,2.19254561531976
10426,41.3912886545284,2.19118054250908
10427,41.3920544157174,2.19016073106042
10428,41.3873097349399,2.19706077613012
10429,41.3903219596711,2.19036601427729
10432,41.4058645206314,2.20596027409549
10433,41.3981697339941,2.19625832861513
10434,41.3964444926072,2.19852155186464
10435,41.3945930966205,2.20046846311259
10436,41.395588344119,2.19964690843373
10437,41.4010521126881,2.20589042934129
10438,41.4024438547417,2.20383207283169
10439,41.403332290875,2.2030944957172
10440,41.4039688409332,2.20175195832466
10441,41.40414356878,2.2019770227257
10442,41.4047159,2.2021561
10443,41.4057660605359,2.20511574346637
10444,41.4065052788389,2.20510081756377
10445,41.404615356117,2.19863597079436
10446,41.3971057597428,2.1994459091905
10447,41.3988402403805,2.1971733023476
10448,41.3998592036395,2.19629062742907
10449,41.3974501875988,2.19944251995772
10450,41.3964240970053,2.20033423733104
10451,41.3998712870964,2.19583619001472
10452,41.3971112203361,2.20171433006484
10453,41.398121973789,2.20261829018287
10454,41.3991531875586,2.20401788830375
10455,41.3988025991134,2.20396342960338
10456,41.398119792535,2.20303476183045
10457,41.4039856,2.2067177
10458,41.4058120720159,2.20419792065663
10459,41.4063805334742,2.20336015404581
10460,41.4032482218504,2.20713189016897
10461,41.405164758004,2.20503905636665
10466,41.3988064365727,2.20170973524731
10467,41.3992653507606,2.20151242262905
10468,41.399827630042,2.2003772201577
10469,41.400476,2.1995656
10470,41.4008823753973,2.19940774962001
10471,41.4041274444655,2.19522601956749
10472,41.3998147998264,2.20082553277755
10473,41.3981056865983,2.19808893887466
10474,41.3981265057291,2.19855474244659
10475,41.3989767589597,2.19969858642501
10476,41.4008523782048,2.20177083685599
10477,41.4005119011383,2.20171333430308
10478,41.4013591054906,2.20254849467064
10479,41.4017177938369,2.2031915204028
10480,41.4030868454152,2.20514391551979
10481,41.4047806604596,2.20734664361474
10482,41.402448302015,2.2042836141018
10483,41.4031103521487,2.20553083736711
10484,41.4024053150576,2.20648400531181
10485,41.4048041553187,2.20282832345709
10486,41.4051485161431,2.20282375547839
10487,41.4013391,2.1978838
10488,41.4020916168302,2.19911760951744
10489,41.4022417993439,2.1994263797523
10490,41.4026102294614,2.19982793523547
10491,41.4025889929632,2.19947164652658
10492,41.4026666039626,2.19970246590369
10493,41.4011901,2.1982317
10494,41.3995065093508,2.19512043873848
10495,41.4004651379414,2.19590451105147
10496,41.4018090516213,2.19704979660101
10497,41.4032042480042,2.19788251602456
10499,41.4017476497296,2.20061264809788
10501,41.3998594861645,2.19807517911078
10502,41.4011535212856,2.19991956341361
10503,41.4031503173114,2.20285901699118
10504,41.3981378650713,2.20035567915716
10505,41.3981347383565,2.20081316405341
10507,41.4039085875251,2.20846680397736
10508,41.4012101153329,2.20477436030651
10509,41.400541815214,2.19720617577065
10510,41.4034316631123,2.19606643770748
10511,41.4048190563698,2.19596858116361
10512,41.3990427957391,2.20509795244048
10513,41.4002282533561,2.20689964229894
10514,41.4051261735771,2.20737070888587
10515,41.4058630102094,2.20640261111179
10516,41.4051234331988,2.20962382478501
10517,41.4058065342662,2.20869598112689
10518,41.4058135366014,2.20828339194859
10520,41.4065087850954,2.20962505345962
10521,41.406860323044,2.20962673922088
10522,41.4075054902712,2.21048819371518
10523,41.4059808140765,2.21075266623731
10524,41.4058105847911,2.210982974089
10525,41.4063567984539,2.2116438330241
10526,41.4082945743526,2.20994311468751
10527,41.4091752059122,2.20875963306339
10528,41.4052561,2.2128078
10529,41.4016460420081,2.208936089966
10530,41.4021199780872,2.20956417299077
10531,41.4037803007822,2.21180841767702
10533,41.4082288076498,2.19605596086456
10534,41.4055986059979,2.19451736488678
10535,41.4073658924518,2.19719467386279
10536,41.4066915438016,2.19632913641742
10537,41.4070913399119,2.19575983637855
10542,41.4122571233276,2.19626135471075
10543,41.4122717484819,2.19754617893673
10545,41.4115305056286,2.19648089462378
10547,41.3720961212375,2.1568794567055
10548,41.3737997445722,2.16358807009263
10549,41.3732017957666,2.16931655404042
10550,41.3724917572449,2.16046369675762
10551,41.3730712196591,2.16641389641953
10565,41.4077933804185,2.13981656314443
10568,41.4054900032552,2.19305843881306
10569,41.4061817442247,2.19326165483849
10587,41.3818960417468,2.17614764124072
10588,41.3807019685546,2.17465378869935
10589,41.3854876726879,2.17869094273302
10590,41.3858760693544,2.17821062690332
10591,41.3858350285161,2.17564882920741
10592,41.3853843599893,2.17346153487557
10593,41.3857517447274,2.17293941609017
10594,41.3863367909386,2.17221213939023
10595,41.3841534343787,2.17510978083598
10596,41.3840161499655,2.17428329209445
10597,41.3876512018546,2.17213622095859
10598,41.3759168610006,2.17318266447939
10614,41.3746987686539,2.16323815364618
10615,41.3747243158101,2.16141145496361
10616,41.3835720664835,2.1369540531814
10620,41.3993945656499,2.20481180546767
10622,41.405532395269,2.19300232422291
10623,41.3713002098987,2.14624947438756
10625,41.3780319166165,2.1695886690022
10626,41.377683714685,2.17005651184206
10629,41.3919573760551,2.16259215488423
10633,41.3751018492678,2.1576305345103
10634,41.3748192045166,2.15720708128616
10635,41.3747819172257,2.15884796708533
10636,41.3748603189145,2.16698498993705
10637,41.3748401399659,2.16926234007258
10638,41.3756253979633,2.16820494421637
10639,41.3947285641954,2.1532976780745
10640,41.3880101164819,2.16407990993458
10641,41.3805090548909,2.14962828033648
10642,41.3806905144104,2.15163607103926
10643,41.396798191278,2.18507237273801
10644,41.3961254065493,2.18432731130908
10645,41.3941809016109,2.17703017932015
10646,41.388732983776,2.16897830699858
10647,41.3889588107835,2.16898888689972
10649,41.4048272972938,2.17821190599031
10650,41.4020736579629,2.17780770537339
10651,41.4039361,2.1836855
10652,41.3963554170386,2.1726268826161
10653,41.3905800936289,2.15225906558367
10654,41.384967340264,2.15507182595404
10655,41.3841159179194,2.15619362649179
10656,41.3977203691921,2.16751955276269
10660,41.3882848175943,2.14379730275062
10661,41.3791838130088,2.1877316839649
10666,41.3930719572171,2.18883010869889
10667,41.4042684,2.2036052
10668,41.4024400904765,2.1969563291344
10669,41.3954972264935,2.18808472183313
10670,41.3937779432468,2.18580448637446
10671,41.3728046225412,2.16420211258678
10672,41.431637727324,2.19427622478662
10673,41.4064426405329,2.1371529982114
10674,41.3886038806821,2.16080851367656
10675,41.396524005032,2.16862736933491
10677,41.3933100001805,2.16611003259986
10679,41.3791902546464,2.17103118975935
10680,41.4069735017322,2.19355129256551
10681,41.3998084611844,2.20263118911288
10682,41.3733454611756,2.14445123298265
10683,41.3977547571755,2.1724601014734
10684,41.3975554383987,2.16950212787934
10687,41.3744066684094,2.13618744661873
10688,41.3757302286318,2.14397388099963
10689,41.3814233864545,2.13882687642081
10690,41.4137368657664,2.16167075827636
10691,41.4142886257275,2.16322772336536
10692,41.4143962070737,2.16361368328815
10693,41.4246679720479,2.17642766200777
10694,41.4241086372928,2.17603911578099
10695,41.4233701383361,2.17547082205811
10696,41.4225818778943,2.17491049481893
10697,41.3937653175386,2.13125445873602
10698,41.3916323765721,2.12553453442922
10699,41.4046696243689,2.18958936862278
10700,41.4057883554871,2.18967007811988
10701,41.3867094245476,2.12343735824814
10702,41.3858715799453,2.15394627338795
10703,41.3907215684221,2.15818334963796
10704,41.3843105840965,2.16240103421175
10713,41.3973858554855,2.16073081974873
10715,41.3798114926745,2.15489692441836
10716,41.3948523053501,2.1872755518778
10717,41.3854100878948,2.14903873391831
10718,41.3970152047679,2.15858715393903
10719,41.3973238341903,2.15818586789905
10720,41.3975764966285,2.15786060971882
10721,41.4005628401252,2.1544985228785
10722,41.4129351678463,2.16030503651127
10723,41.408434457457,2.14893175037024
10725,41.3830389804519,2.15698942256863
10726,41.3933430089781,2.14382693300128
10730,41.3814770953918,2.18781813767542
10731,41.380925911664,2.18971548284237
10732,41.381017486082,2.19011714973784
10739,41.3803130595786,2.13117942445886
10741,41.3834199777885,2.17899747917407
10742,41.3928423560814,2.14589417411999
10743,41.3940803142977,2.15075384142912
10744,41.3943872971611,2.15200117043137
10745,41.3950250952082,2.15445884368468
10746,41.3952502926,2.1552965703953
10747,41.3955851220418,2.15663907611364
10748,41.3958362586837,2.15771732703514
10749,41.3963597850718,2.15795755697652
10750,41.396012992295,2.15650401933691
10751,41.3956735127945,2.15520804428379
10752,41.3953665655405,2.15397124952874
10753,41.394910147913,2.15220858841597
10754,41.3944476834419,2.15035344631819
10755,41.3940988356812,2.1489766456732
10756,41.393610408417,2.14702906651531
10757,41.3933332781899,2.14589540915903
10758,41.4098864,2.1360652
10759,41.3949020669903,2.14204640621816
10760,41.397983673435,2.15265162531962
10761,41.3935413978182,2.14245211919489
10762,41.3965984455385,2.15523051834379
10767,41.3952974851206,2.15292546624492
10768,41.3960672,2.1542141
10769,41.3963731753193,2.15426591088788
10771,41.3960062811374,2.15526877905677
10773,41.3820709,2.1631991
10774,41.4000294093844,2.15792491514215
10775,41.3999516429999,2.15747823993387
10779,41.385622871623,2.17072386630374
